{"intro_author": ["艾萨克•阿西莫夫 Isaac Asimov （1920 ~1992）"], "title": ["神们自己"], "author": ["[美] 艾萨克·阿西莫夫"], "image_urls": ["http://img4.douban.com/mpic/s27882508.jpg"], "images": [{"url": "http://img4.douban.com/mpic/s27882508.jpg", "path": "full/5e506e21364a59274a233eae5694d0e133a350d4.jpg", "checksum": "8cc172fa89729696cbae95374c89f89d"}], "intro_content": ["22世纪，地球可以和平行宇宙进行物质交换，从此拥有了源源不绝的能源。但是，只有几个人才知道危险的真相：地球上的一个无人信任的科学家、能源渐渐枯竭的星球上的一个外星人、月球上出生的一个拥有预言能力的人类。只有他们知道，人类即将为看似源源不绝的免费能源付出巨大的代价……"]}
{"intro_author": ["刘慈欣，祖籍河南，长于山西，中国科普作家协会会员，山西省作家协会会员，高级工程师。"], "title": ["三体Ⅲ"], "author": ["刘慈欣"], "image_urls": ["http://img3.douban.com/mpic/s26012674.jpg"], "images": [{"url": "http://img3.douban.com/mpic/s26012674.jpg", "path": "full/c10fc595d512fcf9738896d72e34cf49a947a76b.jpg", "checksum": "4da0defa1ec30229ce724d691f694ad1"}], "intro_content": ["与三体文明的战争使人类第一次看到了宇宙黑暗的真相，地球文明像一个恐惧的孩子，熄灭了寻友的篝火，在暗夜中发抖。自以为历经沧桑，其实刚刚蹒跚学步；自以为悟出了生存竞争的秘密，其实还远没有竞争的资格。"]}
{"intro_author": ["刘慈欣，祖籍河南，长于山西，中国科普作家协会会员，山西省作家协会会员，高级工程师。"], "title": ["三体"], "author": ["刘慈欣"], "image_urls": ["http://img4.douban.com/mpic/s2768378.jpg"], "images": [{"url": "http://img4.douban.com/mpic/s2768378.jpg", "path": "full/2adf6964af822f2a96b33bb1c9432e935002ea69.jpg", "checksum": "695afae7928cdc97b251083498e79ece"}], "intro_content": ["文化大革命如火如荼进行的同时。军方探寻外星文明的绝秘计划“红岸工程”取得了突破性进展。但在按下发射键的那一刻，历经劫难的叶文洁没有意识到，她彻底改变了人类的命运。地球文明向宇宙发出的第一声啼鸣，以太阳为中心，以光速向宇宙深处飞驰……"]}
{"intro_author": [], "title": ["永恒的终结"], "author": ["[美] 艾萨克·阿西莫夫"], "image_urls": ["http://img3.douban.com/mpic/s27409671.jpg"], "images": [{"url": "http://img3.douban.com/mpic/s27409671.jpg", "path": "full/f2df94b0520d2696eea1272cb9ff34225574c223.jpg", "checksum": "ffdccbef35b7e91da3684009f60199b3"}], "intro_content": []}
{"intro_author": ["刘慈欣，祖籍河南，长于山西，中国科普作家协会会员，山西省作家协会会员，高级工程师。"], "title": ["三体Ⅱ"], "author": ["刘慈欣"], "image_urls": ["http://img3.douban.com/mpic/s3078482.jpg"], "images": [{"url": "http://img3.douban.com/mpic/s3078482.jpg", "path": "full/8c81e947f602daeded508a745c0a949d9fbdcca6.jpg", "checksum": "639e994c63045af74c9fa192d1ec65c2"}], "intro_content": ["三体人在利用魔法般的科技锁死了地球人的科学之后，庞大的宇宙舰队杀气腾腾地直扑太阳系，意欲清除地球文明。"]}
{"intro_author": ["特德•姜（Ted Chiang）"], "title": ["你一生的故事"], "author": ["[美] 特德·姜"], "image_urls": ["http://img3.douban.com/mpic/s28033064.jpg"], "images": [{"url": "http://img3.douban.com/mpic/s28033064.jpg", "path": "full/6c6edee529023822a242ab890693f7cdb51108a5.jpg", "checksum": "81bcbb7d676bd7ee41afc55620a81c7f"}], "intro_content": []}
{"intro_author": [], "title": ["献给阿尔吉侬的花束"], "author": ["（美）丹尼尔•凯斯", "Daniel Keyes"], "image_urls": ["http://img3.douban.com/mpic/s28050760.jpg"], "images": [{"url": "http://img3.douban.com/mpic/s28050760.jpg", "path": "full/d00ac29edc2237c6e570568ffd4f008907e14c50.jpg", "checksum": "ab17cafaffdd2bb8bcb0e52b6a6b641d"}], "intro_content": []}
{"intro_author": [], "title": ["未来的序曲"], "author": ["(美)刘宇昆，保罗·巴奇加卢皮等 著；(美)戴维·哈特威尔，帕特里克·海登 编"], "image_urls": ["http://img3.douban.com/mpic/s28260834.jpg"], "images": [{"url": "http://img3.douban.com/mpic/s28260834.jpg", "path": "full/a1faeeac8d09f3b25d33b53b87edc0ed0a639dc4.jpg", "checksum": "6db505d7f66086338f15a3ab95c0d422"}], "intro_content": ["《未来的序曲》是最新最权威的外国科幻选集。雨果奖最佳编辑严选34篇明星代表作，新世纪短篇科幻的饕餮盛宴！2位雨果奖最佳编辑，权威悉心严选。34位幻界新锐之星，代表作品大比拼。汇集目前最热的外国科幻作家，刘宇昆、保罗·巴奇加卢皮、约翰·斯卡尔齐、彼得·瓦茨、科利•多克托罗等等，星光灿烂一网打尽。"]}
{"intro_author": [], "title": ["失控"], "author": ["[美] 凯文·凯利"], "image_urls": ["http://img3.douban.com/mpic/s4554820.jpg"], "images": [{"url": "http://img3.douban.com/mpic/s4554820.jpg", "path": "full/37e6c694ea8e318d15a4a06064f9f57c856115ad.jpg", "checksum": "f10a31549c2290f949101bbac62cb82f"}], "intro_content": []}
