{"product_url": "http://www.tmtpost.com/1466935.html", "pub_date": ["2015-11-13 13:15"], "intro_content": ["\n      \n      ", "\n      新势力带来新活力，新品牌带来新选择。“新小米”正在挑战当前的行业格局与产品运营理念，又一轮行业革命或将开始"], "title": ["双十一捧出“新小米”，或将为手机行业带来变革"]}
{"product_url": "http://www.tmtpost.com/1465523.html", "pub_date": ["2015-11-12 07:15"], "intro_content": ["\n      \n      ", "\n      越来越多的证据表明，诺基亚的衰落对于芬兰来说，最开始大家都以为是噩梦，现在看反而是拯救了芬兰。"], "title": ["诺基亚的衰落，激活了一批牛逼的创业公司，拯救了芬兰"]}
{"product_url": "http://www.tmtpost.com/1465549.html", "pub_date": ["2015-11-12 14:43"], "intro_content": ["\n      \n      ", "\n      2015双11已经落幕，在阿里天猫双11的912.17亿销售额中，蕴含了哪些2016年的技术与商业趋势？"], "title": ["从阿里「双十一」成绩单，看2016年11个技术商业趋势"]}
{"product_url": "http://www.tmtpost.com/1466457.html", "pub_date": ["2015-11-13 07:55"], "intro_content": ["\n      \n      ", "\n      对于搜索营销来说，重要的其实不是内容的价值，而是SEO的价值。是页面代码或者超链接地址很规整的价值，并不是页面里图文的价值。甲方之所以还很愿意在门户或者地方新闻网站投放的原因在于，这些网站的权重比较高，容易被搜索到然后产生reach。或者索性干脆点，直接自己买关键词，导向自己的网站。"], "title": ["一旦微信开放搜索，将给内容创业者毁灭性打击"]}
{"product_url": "http://www.tmtpost.com/1469297.html", "pub_date": ["2015-11-16 06:51"], "intro_content": ["\n      \n      ", "\n      特斯拉首席执行官马斯克改变世界的十大发明；谷歌无人驾驶汽车被加州警察拦停：开得太慢；Airbnb再次升级服务，试图将科技感武装到牙齿；谷歌悄悄为iOS推出公测版Chrome 配3D Touch功能；e代驾CEO杨家军回应裁员：尽最大努力补偿。"], "title": ["【钛晨报】三星手机让这名男子在巴黎恐怖袭击中幸免于难"]}
{"product_url": "http://www.tmtpost.com/1468454.html", "pub_date": ["2015-11-15 07:26"], "intro_content": ["\n      \n      ", "\n      这个标题其实政治不正确。  因为用华为消费者BG CEO余承东的话说就是：“不用华为打小米，荣耀就可以了。” 注意，这还只是在谈论荣耀，没谈通过Mate7爆款、一举成功锁定高端用户的华为品牌。而这，正是小米孜孜以求而未能突破的市场。"], "title": ["华为手机超过小米，盘点小米横盘的三大原因（上）"]}
{"product_url": "http://www.tmtpost.com/1451120.html", "pub_date": ["2015-11-13 07:59"], "intro_content": ["\n      \n      ", "\n      孵化机构们培育出了大量颠覆性的、优质的明星项目，产生集聚效应，让整个创业生态更加完善。孵化模式多元化的时代，谁能创新运营、谁能更高效的筑巢引凤？"], "title": ["过去一年孵化器遍地开花，什么样的“母鸡”好下蛋？"]}
{"product_url": "http://www.tmtpost.com/1465527.html", "pub_date": ["2015-11-12 06:51"], "intro_content": ["\n      \n      ", "\n      传苹果将推P2P转账功能挑战PayPal；IBM迎来上市百年华诞，股价累计上涨3.4万倍；阿里拟在美国增设两个分支机构；微软在德建数据中心躲避美国网络监控；饿了么否认合并传闻，某友商故意散播扰乱视听。"], "title": ["【钛晨报】双十一落幕，天猫交易额破900亿，其他平台战绩如何？"]}
{"product_url": "http://www.tmtpost.com/1466937.html", "pub_date": ["2015-11-14 09:24"], "intro_content": ["\n      \n      ", "\n      共享经济并不是“忽如一夜春风来”，而是互联网演进到今、顺流而下的产物。"], "title": ["【周末荐书】从这几本书中读懂共享经济的来龙去脉"]}
{"product_url": "http://www.tmtpost.com/1468331.html", "pub_date": ["2015-11-14 18:08"], "intro_content": ["\n      \n      ", "\n      如你所知，法国时间11月13日，巴黎市中心发生了惨无人道的枪击爆炸及人质劫持事件。最新消息，此次恐袭案已造成197人遇难，包括音乐厅内遇难的112人，8名恐怖袭击者毙命。事件发生后，巴黎很快进入了宵禁状态。此时，很多互联网服务也第一时间通过相关通知和措施，提醒自己的巴黎用户注意安全，国内在线旅游公司也纷纷承诺往法机票无条件退改。"], "title": ["一场死亡超过197人的巴黎暴恐后，全球互联网公司都在与时间赛跑"]}
{"product_url": "http://www.tmtpost.com/1465911.html", "pub_date": ["2015-11-12 14:05"], "intro_content": ["\n      \n      ", "\n      在iPad连续多个季度大幅下滑情况下，苹果推出iPad Pro进军商用市场，想借此挽回颓势。却不知道螳螂捕蝉，黄雀在后，苹果带动向商用领域重心的转移风潮，反而让中国厂商成了最大赢家。"], "title": ["【观点】苹果携 iPad Pro 进军商用市场，为什么说最大的赢家却是中国厂商？"]}
{"product_url": "http://www.tmtpost.com/1470989.html", "pub_date": ["2015-11-17 14:38"], "intro_content": ["\n      \n      ", "\n      产品和业务的前期启动过程是非常重要的。你的转速要超过别人，如果是精品，最后加东西才有可能是正面的，否则转速低之后再加东西永远是拖累。"], "title": ["马化腾反思产品设计：转速低之后再加东西，永远是拖累"]}
{"product_url": "http://www.tmtpost.com/1466599.html", "pub_date": ["2015-11-14 09:32"], "intro_content": ["\n      \n      ", "\n      随着2016年临近，在硅谷创业生态中正在涌现越来越多“近在咫尺”的新技术和新产品，其中有五大技术趋势值得关注。"], "title": ["2016创业五大风向标：看十大硅谷前沿公司都在做什么？"]}
{"product_url": "http://www.tmtpost.com/1467532.html", "pub_date": ["2015-11-14 08:42"], "intro_content": ["\n      \n      ", "\n      移动电商市场的巨头实际上依然是横行PC市场的阿里系。所谓移动电商市场尚未形成真正的巨头，其实一直以来都是一个模糊的文字游戏，真正的说法应该是移动电商第三方平台尚未形成一个巨头。"], "title": ["所谓社群电商，并非是为了颠覆传统电商的“新事物”"]}
{"product_url": "http://www.tmtpost.com/1464372.html", "pub_date": ["2015-11-15 08:28"], "intro_content": ["\n      \n      ", "\n      近两年来涌现的一批创业公司的能否让基因检测“飞入寻常百姓家”？"], "title": ["喊你「为健康买单」的个人DNA检测生意，为何开始火爆？"]}
{"product_url": "http://www.tmtpost.com/1470631.html", "pub_date": ["2015-11-17 07:38"], "intro_content": ["\n      \n      ", "\n      目前大疆更多的销量是依靠国内多层级的代理以及国外市场。如果开设直营店，不仅能够减少中间差价，还能起到教育市场的作用。一旦上手体验，想收入囊中的冲动便会强烈许多。"], "title": ["大疆首家直营店年底开业，这是要学习苹果的节奏"]}
{"product_url": "http://www.tmtpost.com/1465500.html", "pub_date": ["2015-11-12 00:48"], "intro_content": ["\n      \n      ", "\n      11月12日零点，第七个天猫双十一落下帷幕。最终，11日全天24小时天猫淘宝成交额达到912.17亿元，其中无线交易额为626亿元，占比68%。别以为买买买能这么止住，因为阿里接下来还要策划一个“年货节”。"], "title": ["912亿元的\"双11\"过去了，但剁手党还不能停下来，下一个是“年货节”"]}
{"product_url": "http://www.tmtpost.com/1469400.html", "pub_date": ["2015-11-17 08:06"], "intro_content": ["\n      \n      ", "\n      钛媒体影像栏目「在线」第二期，主角是两位刚刚到来的“新人”：一位是70岁高龄的，为了找到投资，在咖啡馆沙发上睡了12个晚上；另一位30岁，只身“创漂”，想通过一个棋局，寻找志同道合的人。他们的故事，都会怎么样结局？"], "title": ["你看不到的创业大街：70岁与30岁，一个创业梦两种人生"]}
{"product_url": "http://www.tmtpost.com/1471642.html", "pub_date": ["2015-11-17 19:56"], "intro_content": ["\n      \n      ", "\n      关于万科转型将实行先租后买，租金可抵房款一事，万科集团独家回应钛媒体：长租公寓业务可以为住宅开发业务储备客户、提前锁定客户；住宅开发业务节省的营销费用，可以用于回馈长租公寓客户，推动长租公寓业务的发展。但不能理解为对原有开发业务的替代。"], "title": ["万科独家回应钛媒体：转型“租金抵房款”长租公寓，血洗谁的市场？"]}
{"product_url": "http://www.tmtpost.com/1469398.html", "pub_date": ["2015-11-17 08:02"], "intro_content": ["\n      \n      ", "\n      如果接下来优土在阿里的大力支持下，也加到顶级版权的争夺中，看似严峻的竞争形式其实就要走到尽头了。BAT不可能这么“暗无天日”的一条道撒钱撒到底，要么合并，要么内容走向细分，最坏的情况是中途退赛。"], "title": ["视频网站们，到底要烧钱烧到什么时候？"]}
{"product_url": "http://www.tmtpost.com/1465682.html", "pub_date": ["2015-11-12 11:06"], "intro_content": ["\n      \n      ", "\n      大学生金融这个生态，主要由4个大的环节组成，但目前来说整个产业结构严重失衡，上游消费金融市场产品扎堆，而下游端的理财环节目前空白明显。"], "title": ["被逐渐放大的需求！消费金融给大学生挖的坑谁来填？"]}
{"product_url": "http://www.tmtpost.com/1470045.html", "pub_date": ["2015-11-16 14:51"], "intro_content": ["\n      \n      ", "\n      创刊于1981年的《读者》寻求转型，目前已经成功研发并推出了8代电纸书、平板电脑和智能手机。"], "title": ["《读者》寻求转型，推出双屏智能手机"]}
{"product_url": "http://www.tmtpost.com/1466678.html", "pub_date": ["2015-11-13 18:08"], "intro_content": ["\n      \n      ", "\n      中国和美国的自媒体力量都已经兴起。但有意思的是中国发展比较好的是文字自媒体，美国则是视频自媒体。美国的“网络红人”商业化体系更成熟，也更容易赚钱。可能跟美国更为开放，愿意“露脸”的比较多有关。"], "title": ["中美两国自媒体都已兴起：中国以文字为主，美国视频自媒体发展更快"]}
{"product_url": "http://www.tmtpost.com/1469576.html", "pub_date": ["2015-11-16 11:00"], "intro_content": ["\n      \n      ", "\n      仿佛在一夜间，互联网装修热了起来，电视上、电影放映前、公交地铁上、户外媒体上，到处都是互联网家装企业的广告，在曾经是资本宠儿的外卖、保洁、按摩、洗车等相对高频次的O2O项目都在喊着进入“资本寒冬”时，低频次高客单价的领域似乎成了新的蓝海。"], "title": ["热闹的家装O2O，痛点仍然难消"]}
{"product_url": "http://www.tmtpost.com/1462935.html", "pub_date": ["2015-11-12 08:35"], "intro_content": ["\n      \n      ", "\n      以前餐饮O2O解决的都是懒的问题，「隐食家」想用Uber的模式解决吃的问题。"], "title": ["去公共厨房吃顿私房菜，中国式食客创造的O2O餐饮新生意"]}
{"product_url": "http://www.tmtpost.com/1465447.html", "pub_date": ["2015-11-13 09:49"], "intro_content": ["\n      \n      ", "\n      资本的收缩下到底谁会出局？大多数的创业者对此看法一致，他们认为，以烧钱为发展动力的企业会遇到苦难，有清晰且独特发展模式，拥有现金流和盈利预期的企业会发展的越来越好，尊重基本的商业规律，并有效提升后市场效率的企业则一定大有前途。"], "title": ["下一个倒掉的，会是上门保养O2O吗？"]}
{"product_url": "http://www.tmtpost.com/1466009.html", "pub_date": ["2015-11-12 17:33"], "intro_content": ["\n      \n      ", "\n      以汽车之家电商平台为例，今年「疯狂购车节」晒出了这样一组数字：在线订购总量达54085辆，其中移动端订购总量22978辆，仅双11这天，疯狂的中国消费者就刷出了87.95亿人民币的购车交易额。线上订购对于汽车营销来说，线上订单是不是营销的意义更大？动动拇指就买车的时代真的来了吗？"], "title": ["5万多辆车、87亿成交额，动动拇指就买车的时代真来了？"]}
{"product_url": "http://www.tmtpost.com/1468892.html", "pub_date": ["2015-11-15 13:23"], "intro_content": ["\n      \n      ", "\n      国产手机厂商从年初战至年尾，每逢电商大促便迎来小高潮，这不，在刚刚落幕的双11中，小米、华为、魅族和奇酷杀红眼，成为表现最为抢眼的四大手机品牌，宣告国产手机开启全新格局。种种迹象表明，“中华酷联”已然解体，“花（华为）旗（奇酷）小（小米）妹（魅族）”正成为手机行业主流。"], "title": ["曾经的“中华酷联”解体，从双十一看国产手机新格局"]}
{"product_url": "http://www.tmtpost.com/1467542.html", "pub_date": ["2015-11-13 19:57"], "intro_content": ["\n      \n      ", "\n      上海市消保委和上海市食药监局对100多家餐厅和9家订餐平台进行的调查显示，国内市场排名前四的美团外卖、饿了么、百度外卖、淘点点(口碑外卖)均存在问题，消保委向其发出督促改进函，食药监局发出了责令改正通知书。"], "title": ["因卫生问题，饿了么等订餐平台被责令整改|11月13日坏消息榜"]}
{"product_url": "http://www.tmtpost.com/1470031.html", "pub_date": ["2015-11-16 13:41"], "intro_content": ["\n      \n      ", "\n      双11前夕，京东不计代价亲手将拍拍网扼杀在这个冬天，打了淘宝网一记狠狠的耳光。尽管曾是京东黑党，但二爷却在此为它点赞。拍拍之死暴露了C2C的缺陷基因，而当B2C时代真正开启的时候，企业电商需要准备好自己独立的品牌商城。时过境迁，命运掌握在自己手中。"], "title": ["“拍拍之死”是必然事件，暴露了C2C的缺陷基因"]}
{"product_url": "http://www.tmtpost.com/1468964.html", "pub_date": ["2015-11-15 13:58"], "intro_content": ["\n      \n      ", "\n      大方租车完成德瑞恒通领投2000万元A轮融资；运拉拉获洪泰基金领投千万元Pre-A轮融资；男装购衣O2O平台“穿行”完成弘鹰资本参投1000万元天使轮融资；海尔智能硬件平台“海尔小培”完成青岛海尔参投4000万元A轮融资。"], "title": ["【一周投融资】生鲜电商仍竞争激烈，“每日优鲜”获腾讯领投B轮融资"]}
{"product_url": "http://www.tmtpost.com/1465883.html", "pub_date": ["2015-11-13 08:11"], "intro_content": ["\n      \n      ", "\n      租房金融市场仍然处于一种待成长的状态，这个领域的许多公司只是完成了第一阶段——实现了线上往线下的导流。而金融是一个以钱为媒介的行业，能否发展下去，取决于双方合作是否融洽。如何在获取用户之后推出其它差异化增值服务，才是每个平台需要思考的赢利点。"], "title": ["为什么金融平台都来租房市场「分肉」？"]}
{"product_url": "http://www.tmtpost.com/1469217.html", "pub_date": ["2015-11-16 14:45"], "intro_content": ["\n      \n      ", "\n      已经举办第七年的2015年“双11”，今年销售总额为912亿，占全网总额的74%，而今年首次举办的“双11晚会”不可否认的为这个新纪录，起到推波助澜的作用。在一种崭新形态的晚会现场上，前所未有的营销与互动模式为“双11”宣传起到了事半功倍的作用——11月10日的晚会结束，11日凌晨购物车已满。"], "title": ["今年马云的900亿，那场意欲颠覆春晚「双11晚会」功不可没"]}
{"product_url": "http://www.tmtpost.com/1466324.html", "pub_date": ["2015-11-13 16:40"], "intro_content": ["\n      \n      ", "\n      在手机QQ更新到5.8版本后，除了公众号正式上线之外，在开放群的基础上，还推出了“家校-师生群”功能。这也是腾讯继发布基于微信的智慧校园后，又一次在教育领域的“新尝试”。"], "title": ["手Q涉足教育领域，在QQ群里做作业靠谱吗？"]}
{"product_url": "http://www.tmtpost.com/1467324.html", "pub_date": ["2015-11-13 16:08"], "intro_content": ["\n      \n      ", "\n      鼠标已经存在于这个世界上半个多世纪了，它自然不会轻易退出。然而触控时代已经到来；也许有一天，它会最终完成自己的使命。"], "title": ["触控时代来临，鼠标会消失吗？"]}
{"product_url": "http://www.tmtpost.com/1467444.html", "pub_date": ["2015-11-13 20:27"], "intro_content": ["\n      \n      ", "\n      随着“国民老公”王思聪的一条名为“蜻蜓FM老板应该坐牢”的微博在网络上的热议，再次将喜马拉雅FM和蜻蜓FM这俩家同为网络移动电台的拉进众多人的视野中。"], "title": ["FM「友商」撕逼始末，国内音频行业遭遇信任危机"]}
{"product_url": "http://www.tmtpost.com/1465525.html", "pub_date": ["2015-11-12 07:11"], "intro_content": ["\n      \n      ", "\n      今年双11，小米手机天猫销量第一、销售额第三；荣耀手机天猫销售额第一、销量第二；魅族率先突破亿元，总体销售额第三。"], "title": ["双11手机排行榜出来了，争相角逐的互联网手机品牌凭何而立？"]}
{"product_url": "http://www.tmtpost.com/1469869.html", "pub_date": ["2015-11-17 08:23"], "intro_content": ["\n      \n      ", "\n      我得到的感慨只能用一种比喻来形容：马云作为阿里巴巴绝不可或缺的船长，带领阿里从最早的中型战舰到发展至今的航空母舰集群，在途经中有很多挫折风雨，也有为达目的出尔反尔。"], "title": ["回答罗胖抛出的跨年问题：关于阿里这个庞然大物的4个疑惑"]}
{"product_url": "http://www.tmtpost.com/1467664.html", "pub_date": ["2015-11-14 10:49"], "intro_content": ["\n      \n      ", "\n      在很多业内人士看来，与互联网的合作能为影院打造系统化解决方案，帮助影院提高上座率，降低运营成本，拓展衍生品电商收入，引起众多传统院线的重视。"], "title": ["在影院打怪兽、看球赛，互联网+院线给普通观众带来什么体验？"]}
{"product_url": "http://www.tmtpost.com/1470346.html", "pub_date": ["2015-11-16 16:39"], "intro_content": ["\n      \n      ", "\n      塞翁失马，焉知非福。如果这一行业的巨头们都能够和广电系统的电视台或牌照方组建公司，那么广电的“紧箍咒”就转变成了对电视盒子市场环境的有效清理。不仅能够净化行业风气，也能促使这一行业迅速成熟。"], "title": ["电视盒子屡遭广电“封杀”，是另谋出路还是拥抱“双赢”"]}
{"product_url": "http://www.tmtpost.com/1467597.html", "pub_date": ["2015-11-17 07:25"], "intro_content": ["\n      \n      ", "\n      因为这款“会唱歌的炫酷飞碟”完全不受重力影响！"], "title": ["假如马斯克去火星退休，他可能会带上一种磁悬浮音箱"]}
{"product_url": "http://www.tmtpost.com/1461461.html", "pub_date": ["2015-11-16 08:10"], "intro_content": ["\n      \n      ", "\n      一个立志成为餐饮界Uber，用最快的送餐速度攻陷市场。一个缓慢而坚定地实现「吃住家菜」的愿景，给餐饮O2O增加人情味儿。哪一个才是我们社会的未来？"], "title": ["外卖O2O也要吃出人情味儿，那就去别人家厨房自取吧"]}
{"product_url": "http://www.tmtpost.com/1466010.html", "pub_date": ["2015-11-12 15:10"], "intro_content": ["\n      \n      ", "\n      据业界证实消息，《瑞丽》杂志品牌旗下的《瑞丽时尚先锋》杂志纸质版将于2016年1月起停刊，之后将只保留其电子刊并发展电商业务。其实，纸媒哀鸿遍野是全球性的，包括全球媒体巨头在内的传媒行业，在面对新技术、新竞争者及全新的客户需求时似乎同样窘迫而进入了穷途末路的状态。"], "title": ["瑞丽停刊，刮进时尚圈的纸媒倒闭潮"]}
{"product_url": "http://www.tmtpost.com/1467719.html", "pub_date": ["2015-11-14 13:23"], "intro_content": ["\n      \n      ", "\n      这些来自BAT、华为、凤凰、新浪的人才，定是中国产业升级的历史节点上难得的人才储备，如果真能物尽其用，看似悲观的趋势或能带来好的结果。"], "title": ["是喜是忧？中国巨头裁员潮或促进中国产业升级"]}
{"product_url": "http://www.tmtpost.com/1466294.html", "pub_date": ["2015-11-12 18:03"], "intro_content": ["\n      \n      ", "\n      华为和小米在微博互相指责有刷单和造假，魅族科技副总裁李楠也在朋友圈宣称，掌握了某厂商销量造假的证据。有业内人士称，尤其在“双11”这些特殊的时期，电商平台对于刷单的要求就会放松，甚至直接鼓励刷单。"], "title": ["华为小米魅族开撕，数据造假仍是双“11”背后隐患|11月12日坏消息榜"]}
{"product_url": "http://www.tmtpost.com/1462931.html", "pub_date": ["2015-11-14 08:47"], "intro_content": ["\n      \n      ", "\n      19岁第一次走进电影世界，直到今天，张艾嘉已经称得上地道的“老江湖”了，但是张艾嘉却几十年如一日的保持“新导演”、“新演员”的面貌，这恐怕是在娱乐圈里最难做到，也最难遇到的状态了。"], "title": ["专访62岁“新导演”张艾嘉：“念念”不忘，必有回响"]}
{"product_url": "http://www.tmtpost.com/1465762.html", "pub_date": ["2015-11-12 14:18"], "intro_content": ["\n      \n      ", "\n      不同于去年美国投资人在双十一之后用真金白银给予回报，让阿里巴巴的股票顺势冲上120美元的高点，今年的“狂欢”所带来的912亿元并没有收获想象中的利好。"], "title": ["“双十一”这么热闹，阿里京东的股价却双双下跌"]}
{"product_url": "http://www.tmtpost.com/1467540.html", "pub_date": ["2015-11-13 21:22"], "intro_content": ["\n      \n      ", "\n      过去一年，哪些天翻地覆，让我们此去经年......尖峰、前沿、颠覆，T-EDGE这场前沿创新者的国际交流盛会现在开始火速报名啦！"], "title": ["过去一年，哪些天翻地覆，让我们此去经年"]}
{"product_url": "http://www.tmtpost.com/1467428.html", "pub_date": ["2015-11-14 07:33"], "intro_content": ["\n      \n      ", "\n      互联网江湖20年，风云变幻，有人风华正茂，有人稳健靠谱，有人已经掉队。然而比已经掉队更痛苦的是——正在掉队。这些都能从股价中管窥一二。"], "title": ["盘点互联网公司股价走势：阿里百度过山车，腾讯网易最稳健"]}
{"product_url": "http://www.tmtpost.com/1469074.html", "pub_date": ["2015-11-16 08:04"], "intro_content": ["\n      \n      ", "\n      据不完全统计，3年间进入在线教育市场的资金高达20亿美元，但遗憾的是国内还没有出现一家成功的在线教育公司。究其原因，主要是三大用户痛点没有解决。"], "title": ["中国在线教育3年投进20亿美元，全部打水漂？"]}
