{"title": ["恋爱口语：我们到底要跟男人聊什么？"], "price": ["￥11.90"], "author": ["燕公子"], "product_url": "http://e.jd.com/30205440.html", "image_url": ["http://img10.360buyimg.com/n11/jfs/t2320/97/946206208/197352/db8bdd90/563b1af5N4c4a9025.jpg"], "pub_date": ["\r\n        ", "\r\n        ", "\r\n    "]}
{"title": ["跨界 2：十大行业互联网+转型红利"], "price": ["￥20.00"], "author": ["腾讯科技频道"], "product_url": "http://e.jd.com/30203890.html", "image_url": ["http://img10.360buyimg.com/n11/jfs/t2482/233/839816092/99936/b2312520/562df107Nef3a9034.jpg"], "pub_date": ["\r\n                                                                      ", "\r\n                                                       \r\n                          "]}
{"title": ["产品前线：48位一线互联网产品经理的智慧与实战"], "price": ["￥25.00"], "author": ["第八公社"], "product_url": "http://e.jd.com/30204612.html", "image_url": ["http://img12.360buyimg.com/n11/jfs/t2020/196/1033903225/168107/12701043/5639cdc4N8115534b.jpg"], "pub_date": ["\r\n                                                                      ", "\r\n                                                       \r\n                          "]}
{"title": ["O2O落地：触点场景派的27堂必修课"], "price": ["￥22.00"], "author": ["张波"], "product_url": "http://e.jd.com/30189874.html", "image_url": ["http://img14.360buyimg.com/n11/jfs/t1477/260/1201377064/136229/30501798/55bf111fNee7acba0.jpg"], "pub_date": ["\r\n        ", "\r\n        ", "\r\n    "]}
{"title": ["抱怨是种病毒（节选自《欢喜》）"], "price": ["免费"], "author": ["吴伯凡", "梁冬"], "product_url": "http://e.jd.com/30123965.html", "image_url": ["http://img10.360buyimg.com/n11/g14/M01/07/14/rBEhV1Kvv-UIAAAAAALmxcFPC0oAAG-1ACac_sAAubd666.jpg"], "pub_date": ["\r\n        ", "\r\n        ", "\r\n    "]}
