{"author": ["清朗然"], "url": ["/14711908.html"], "title": [], "content": ["<table cellspacing=\"0\" cellpadding=\"0\" border=\"0\" class=\"case\"><tbody><tr><td>\r\n<blockquote><p><b>引用12楼 @<a class=\"u\" target=\"_blank\" href=\"http://my.hupu.com/16492144\">歌颂传球</a> 发表的</b>:<br>\r<br>说得讲到男性不往下三路一样 ，心疼大急撸<img src=\"http://b1.hoopchina.com.cn/post/smile/icon_scared.gif\"></p></blockquote><br>   就事论事，此贴没有<br><small class=\"f666\">发自手机虎扑 m.hupu.com</small>\r\n</td></tr></tbody></table>"], "highlight_count": ["6"], "pub_date": ["2015-11-20 21:00"]}
{"author": ["近来你好吗"], "url": ["/14711908.html"], "title": [], "content": ["<table cellspacing=\"0\" cellpadding=\"0\" border=\"0\" class=\"case\"><tbody><tr><td>\r\n哧\r<br>别的不说\r<br>我觉得女生看球混论坛就比男生纯粹到不知道哪里去了\r<br>我可不会做无间反串黑 无脑黑这种事情\r<br>\r<br>另外回答生殖器什么的\r<br>\r<br>老实讲拉拉没什么不好的\r<br>\r<br>别以为自己对女生多么重要 就酱\r\n</td></tr></tbody></table>"], "highlight_count": ["12"], "pub_date": ["2015-11-20 21:10"]}
{"author": ["良禽呆呆"], "url": ["/14601331.html"], "title": [], "content": ["<table cellspacing=\"0\" cellpadding=\"0\" border=\"0\" class=\"case\"><tbody><tr><td>\r\n没有，切尔西和曼联是英超最稳的球队\r<br>阿森纳和利物浦起伏很大\r<br>曼城几个赛季后也会萎\r<br>不过欧冠的竞争力一直不错\r\n</td></tr></tbody></table>"], "highlight_count": ["5"], "pub_date": ["2015-11-11 23:00"]}
{"author": ["牛牛靓晒"], "url": ["/14712258.html"], "title": [], "content": ["<table cellspacing=\"0\" cellpadding=\"0\" border=\"0\" class=\"case\"><tbody><tr><td>\r\n<span><img src=\"http://i2.hoopchina.com.cn/blogfile/201511/20/BbsImg14480270471091_846*207.png\"><br>我吐槽下就成汉奸了 敢不关注恒大 哼</span>\r\n</td></tr></tbody></table>"], "highlight_count": ["5"], "pub_date": ["2015-11-20 21:44"]}
{"author": ["贫僧法号佩佩"], "url": ["/14712258.html"], "title": [], "content": ["<table cellspacing=\"0\" cellpadding=\"0\" border=\"0\" class=\"case\"><tbody><tr><td>\r\n<img src=\"http://b1.hoopchina.com.cn/post/smile/icon_shrug.gif\"> 不是广州人 实在爱不起来\r\n</td></tr></tbody></table>"], "highlight_count": ["5"], "pub_date": ["2015-11-20 21:39"]}
{"author": ["圣喜罗小草"], "url": ["/14712258.html"], "title": [], "content": ["<table cellspacing=\"0\" cellpadding=\"0\" border=\"0\" class=\"case\"><tbody><tr><td>\r\n  肯定不是啊！没人逼你要支持，但是你也没必要鄙视支持的人，还来发帖<br><small class=\"f666\">发自手机虎扑 m.hupu.com</small>\r\n</td></tr></tbody></table>"], "highlight_count": ["5"], "pub_date": ["2015-11-20 21:38"]}
{"author": ["传世影魔"], "url": ["/14712258.html"], "title": [], "content": ["<table cellspacing=\"0\" cellpadding=\"0\" border=\"0\" class=\"case\"><tbody><tr><td>\r\n<blockquote><p><b>引用12楼 @<a class=\"u\" target=\"_blank\" href=\"http://my.hupu.com/19077788\">北纬二十七度</a> 发表的</b>:\r<br>表弟这么跟你说话，你都没拿大耳刮子招呼他，你这表哥不合格。</p></blockquote>\r<br>表弟180 我170，。。。初中开始就打不过他了。。。\r\n</td></tr></tbody></table>"], "highlight_count": ["7"], "pub_date": ["2015-11-20 21:46"]}
{"author": ["黄连厚朴"], "url": ["/14712258.html"], "title": [], "content": ["<table cellspacing=\"0\" cellpadding=\"0\" border=\"0\" class=\"case\"><tbody><tr><td>\r\n哈哈哈。有时间就看呗。这都能上升到爱不爱国吗？不过确实挺多ID喜欢这样说话。\r\n</td></tr></tbody></table>"], "highlight_count": ["9"], "pub_date": ["2015-11-20 21:41"]}
{"author": ["外背外"], "url": ["/14712451.html"], "title": [], "content": ["<table cellspacing=\"0\" cellpadding=\"0\" border=\"0\" class=\"case\"><tbody><tr><td>\r\n  运气最好的应该是12年的切尔西<br><small class=\"f666\"><a style=\"color:#666\" href=\"http://kanqiu.hupu.com/app?_r=bbsvia9\" target=\"_blank\">发自虎扑体育Android客户端</a></small>\r\n</td></tr></tbody></table>"], "highlight_count": ["9"], "pub_date": ["2015-11-20 22:01"]}
{"author": ["近来你好吗"], "url": ["/14711207.html"], "title": [], "content": ["<table cellspacing=\"0\" cellpadding=\"0\" border=\"0\" class=\"case\"><tbody><tr><td>\r\n楼主原来有钱买卡宴的 \r<br>后来散卡散的没钱了\r\n</td></tr></tbody></table>"], "highlight_count": ["5"], "pub_date": ["2015-11-20 18:53"]}
{"author": ["附加赛狂魔"], "url": ["/14678087.html"], "title": [], "content": ["<table cellspacing=\"0\" cellpadding=\"0\" border=\"0\" class=\"case\"><tbody><tr><td>\r\n<span><img src=\"http://i3.hoopchina.com.cn/blogfile/201511/20/BbsImg144802133246897_480*294.jpg\"><br><br></span>\r\n</td></tr></tbody></table>"], "highlight_count": ["7"], "pub_date": ["2015-11-20 20:09"]}
{"author": ["常常发呆"], "url": ["/14712258.html"], "title": [], "content": ["<table cellspacing=\"0\" cellpadding=\"0\" border=\"0\" class=\"case\"><tbody><tr><td>\r\n  这算得上道德绑架了吧？<br><small class=\"f666\"><a style=\"color:#666\" href=\"http://kanqiu.hupu.com/app?_r=bbsvia2\" target=\"_blank\">发自虎扑体育iPhone客户端</a></small>\r\n</td></tr></tbody></table>"], "highlight_count": ["11"], "pub_date": ["2015-11-20 21:39"]}
{"author": ["道标1988"], "url": ["/14710009.html"], "title": [], "content": ["<table cellspacing=\"0\" cellpadding=\"0\" border=\"0\" class=\"case\"><tbody><tr><td>\r\n<blockquote><p><b>引用100楼 @<a class=\"u\" target=\"_blank\" href=\"http://my.hupu.com/3195721\">Answer___AI</a> 发表的</b>:<br>梅西球迷也真服了……\r<br>你家梅西多么坎坷就如何如何，c罗的经历就都是鸡汤，包装。要脸吗？</p></blockquote><br>   难道一开始说梅西一帆风顺 c罗坎坷万分的不是c罗球迷吗？倒打一耙好厉害<br><small class=\"f666\">发自手机虎扑 m.hupu.com</small>\r\n</td></tr></tbody></table>"], "highlight_count": ["7"], "pub_date": ["2015-11-20 21:36"]}
{"author": ["清朗然"], "url": ["/14711908.html"], "title": [], "content": ["<table cellspacing=\"0\" cellpadding=\"0\" border=\"0\" class=\"case\"><tbody><tr><td>\r\n  估计这贴要转水，但我还要说一句，讲到女性就往下三路去的一个论坛，噫\r<br>哦，说吊的那个，吊不是上帝赐予女人的礼物，而是赐予你的礼物，是因为很不幸他忘了给你脑子而给你的补偿。<br><small class=\"f666\">发自手机虎扑 m.hupu.com</small>\r\n</td></tr></tbody></table>"], "highlight_count": ["65"], "pub_date": ["2015-11-20 20:57"]}
{"author": ["Princess_Charlene"], "url": ["/14710009.html"], "title": [], "content": ["<table cellspacing=\"0\" cellpadding=\"0\" border=\"0\" class=\"case\"><tbody><tr><td>\r\n<blockquote><p><b>引用34楼 @<a class=\"u\" target=\"_blank\" href=\"http://my.hupu.com/16492144\">歌颂传球</a> 发表的</b>:\r<br>\r<br>谁给你们上的逻辑课能得出的“更顺的=更不靠实力”这种可笑结论的？\r<br>\r<br>拉玛西亚软硬件条件比里斯本曼彻斯特好得多有什么可怀疑的？</p></blockquote>\r<br>你知道当初皇马和马竞都拒绝了梅西么？不管里斯本还是曼彻斯特都不会要的。梅西的天分配得上拉玛西亚，也只有拉玛西亚的态度和眼光值得梅西对巴萨十年的付出。\r\n</td></tr></tbody></table>"], "highlight_count": ["5"], "pub_date": ["2015-11-20 18:05"]}
{"author": ["Unsittlichkeit"], "url": ["/13547646.html"], "title": [], "content": ["<table cellspacing=\"0\" cellpadding=\"0\" border=\"0\" class=\"case\"><tbody><tr><td>\r\n<blockquote><p><b>引用1楼 @<a class=\"u\" target=\"_blank\" href=\"http://my.hupu.com/19036334\">肥而不匿</a> 发表的</b>: \r<br>我对FM最大的怨念，就是成就感不足，成就感不足，成就感不足！ \r<br> \r<br> \r<br> \r<br>作为一个教练，我挖空心思跟电脑对抗，把球队带到世界之巅。有的赛季甚至于，不败夺得全部冠军。 \r<br> \r<br>即便是这样，也只有在“新闻”界面，冷冰冰地一点消息通知：XXX带领球队，获得XX冠军。 \r<br> \r<br>就没了！ \r<br> \r<br>成就感是玩游戏的乐趣之一，如果身边没有FM狗可以讨论，那么我们在游戏中取得的伟大成就，将会无人知晓。</p><div>那种成就感无法满足的状态，实在不爽。 \r<br> \r<br> \r<br> \r<br>所以，退而求其次，至少游戏里，各大媒体要吹一吹我这个教练吧。 \r<br> \r<br>我变革战术，战胜电脑，卫冕欧冠好几载，电脑怎么着也得安排几个吹货，捧一捧教练的。 \r<br> \r<br>事实上，只有冷冰冰的夺冠消息。 \r<br> \r<br>所以，迫切希望FM这方面能有所改进。</div></blockquote> \r<br> \r<br>应该给你安排几个董秋迪黑你，之后一堆人在黑他们……\r\n</td></tr></tbody></table>"], "highlight_count": ["104"], "pub_date": ["2015-08-26 02:47"]}
{"author": ["VIKsc1990"], "url": ["/13547646.html"], "title": [], "content": ["<table cellspacing=\"0\" cellpadding=\"0\" border=\"0\" class=\"case\"><tbody><tr><td>\r\n我玩FM，最郁闷的就是看到被进球，这是XXX这赛季的第一球，这是XXX为XXX球队进的第一球。。。这种第一球怎么都赶上我的球队。。。\r\n</td></tr></tbody></table>"], "highlight_count": ["151"], "pub_date": ["2015-08-26 11:19"]}
{"author": ["逐风者诅咒"], "url": ["/13547646.html"], "title": [], "content": ["<table cellspacing=\"0\" cellpadding=\"0\" border=\"0\" class=\"case\"><tbody><tr><td>\r\n  有一次董事会发通知准备计划修建一座新球场，根据时间表从准备到完工大约三年。我查了一下俱乐部信息，发现我是传奇榜第四名。为了能在球场建成前刷到第一用自己的名字命名球场，我厚颜无耻的开启了SL大法，用两个赛季拿齐了所有冠军，终于让自己成为了第一传奇。正当我准备痛饮庆功酒的时候，突然收到一封邮件，当地政府没有批准修建新球场计划，原计划被迫取消。。。<br><small class=\"f666\">发自手机虎扑 m.hupu.com</small>\r\n</td></tr></tbody></table>"], "highlight_count": ["241"], "pub_date": ["2015-08-26 00:32"]}
{"author": ["荼蘼冷"], "url": ["/12954117.html"], "title": [], "content": ["<table cellspacing=\"0\" cellpadding=\"0\" border=\"0\" class=\"case\"><tbody><tr><td>\r\n我感觉存粹的吃饼应该是接近打空门那种，比如欧冠半决赛第二场拜仁打巴萨 苏牙给内马尔传的首球，还有一些角度比较好的、不大需要调整的可以直接打门的单刀也差不多吧\r\n</td></tr></tbody></table>"], "highlight_count": ["13"], "pub_date": ["2015-06-13 14:52"]}
{"author": ["wxcl"], "url": ["/14708216.html"], "title": [], "content": ["<table cellspacing=\"0\" cellpadding=\"0\" border=\"0\" class=\"case\"><tbody><tr><td>\r\n现在连输球都能说是吊打对手了？\r\n</td></tr></tbody></table>"], "highlight_count": ["6"], "pub_date": ["2015-11-20 15:04"]}
{"author": ["AOKOALICE"], "url": ["/12954117.html"], "title": [], "content": ["<table cellspacing=\"0\" cellpadding=\"0\" border=\"0\" class=\"case\"><tbody><tr><td>\r\nlz你理解的是对的，没什么问题。不要被话题区一些无脑喷迷惑。进球是不是吃饼，只要认真看球并且有脑子看球的，都能分辨。\r\n</td></tr></tbody></table>"], "highlight_count": ["69"], "pub_date": ["2015-06-13 14:47"]}
{"author": ["我爱蓝白飘飘"], "url": ["/14706675.html"], "title": [], "content": ["<table cellspacing=\"0\" cellpadding=\"0\" border=\"0\" class=\"case\"><tbody><tr><td>\r\n他的荣誉巅峰02年 不是他的状态巅峰\r\n</td></tr></tbody></table>"], "highlight_count": ["5"], "pub_date": ["2015-11-20 11:08"]}
{"author": ["Febgoddess"], "url": ["/14712258.html"], "title": [], "content": ["<table cellspacing=\"0\" cellpadding=\"0\" border=\"0\" class=\"case\"><tbody><tr><td>\r\n谁说的，我家乡球队是舜天，非要去支持恒大是脑子抽了？\r<br><br>\r<br><br>还有，让我们拿其他球队举个例子吧，嗯货真价实的其他球队：拜仁既然不是鱼腩之师，我们就拔高一点，把它比作德国恒大好了。看看德国有多少人提到拜仁就咬牙切齿，在欧冠决赛上宁可支持它对面的球队的……你就知道不支持恒大是不是不爱国了\r\n</td></tr></tbody></table>"], "highlight_count": ["18"], "pub_date": ["2015-11-20 21:36"]}
{"author": ["Munchen86"], "url": ["/14709323.html"], "title": [], "content": ["<table cellspacing=\"0\" cellpadding=\"0\" border=\"0\" class=\"case\"><tbody><tr><td>\r\n20:00  恒大决赛                                                                                                                              01.30 沙尔克VS拜仁\r\n</td></tr></tbody></table>"], "highlight_count": ["5"], "pub_date": ["2015-11-20 14:52"]}
{"author": ["springsummer"], "url": ["/14711162.html"], "title": [], "content": ["<table cellspacing=\"0\" cellpadding=\"0\" border=\"0\" class=\"case\"><tbody><tr><td>\r\n莫名其妙，中国足球这么久了，足协主席只是基本挂名的，专职副主席才是排版管事的，不知道吗？这么久一直咬着蔡正华不放，真是无聊\r<br>\r<br>\r<br>再说了，你们口口声声要找专业人士来管理足协，你们倒是说说谢亚龙，南勇进去以后，哪个足球专业人员可以来当足协主席？\r\n</td></tr></tbody></table>"], "highlight_count": ["11"], "pub_date": ["2015-11-20 20:35"]}
{"author": ["若水微澜"], "url": ["/14672404.html"], "title": [], "content": ["<table cellspacing=\"0\" cellpadding=\"0\" border=\"0\" class=\"case\"><tbody><tr><td>\r\n<span><img src=\"http://i1.hoopchina.com.cn/blogfile/201511/18/BbsImg14478477075317_432*240.gif\"><br><blockquote style=\"margin: 0 0 0 40px; border: none; padding: 0px;\"><span><br></span></blockquote></span>\r\n</td></tr></tbody></table>"], "highlight_count": ["5"], "pub_date": ["2015-11-18 19:55"]}
{"author": ["阿森纳体检室"], "url": ["/14709323.html"], "title": [], "content": ["<table cellspacing=\"0\" cellpadding=\"0\" border=\"0\" class=\"case\"><tbody><tr><td>\r\n纳达尔的比赛一个小时完不了吧？我很多年没看网球了，纳达尔最近可好？\r\n</td></tr></tbody></table>"], "highlight_count": ["5"], "pub_date": ["2015-11-20 14:43"]}
{"author": ["乔尔坎贝尔"], "url": ["/14711415.html"], "title": [], "content": ["<table cellspacing=\"0\" cellpadding=\"0\" border=\"0\" class=\"case\"><tbody><tr><td>\r\n  第一反应是秦升的外语。。。。。<br><small class=\"f666\"><a style=\"color:#666\" href=\"http://kanqiu.hupu.com/app?_r=bbsvia2\" target=\"_blank\">发自虎扑体育iPhone客户端</a></small>\r\n</td></tr></tbody></table>"], "highlight_count": ["10"], "pub_date": ["2015-11-20 19:36"]}
{"author": ["宇宙黑森林"], "url": ["/14710827.html"], "title": [], "content": ["<table cellspacing=\"0\" cellpadding=\"0\" border=\"0\" class=\"case\"><tbody><tr><td>\r\n  瓜帅时期有专人管梅西的饮食的，连胜三场才能开荤一次。瓜走了后，梅西伤病增多也意识到控制饮食是有必要的。去年他自己专门去意大利找了营养师，效果很不错，瘦了很多，今年过人简直是创新高。所以梅西其实是有控制饮食的……<br><small class=\"f666\">发自手机虎扑 m.hupu.com</small>\r\n</td></tr></tbody></table>"], "highlight_count": ["6"], "pub_date": ["2015-11-20 19:03"]}
{"author": ["宇宙黑森林"], "url": ["/14710009.html"], "title": [], "content": ["<table cellspacing=\"0\" cellpadding=\"0\" border=\"0\" class=\"case\"><tbody><tr><td>\r\n<blockquote><p><b>引用32楼 @<a class=\"u\" target=\"_blank\" href=\"http://my.hupu.com/21681829\">谢广坤狂干王小蒙</a> 发表的</b>:<br>\r<br>部分人觉得梅西干什么都得是完美  就算是没钱治病也能打电竞走出一片天 歇了吧 跟粉丝讲不通道理的</p></blockquote><br>   我就不懂了，生病不是倒霉难道是幸运？如果你说有天赋就是幸运，那么c罗难道不是靠天赋才得到爵爷的青睐？他天赋虽不如梅西但也是傲视群雄，而且罗蜜不也经常说他有历史级别的身体素质吗，这不是更幸运？两人都有自己幸运之处但也是靠他们自己的坚韧才取得了成功，都不容易。<br><br>何必意见不同就乱扣帽子，然后还要装正义公正呢<br><small class=\"f666\">发自手机虎扑 m.hupu.com</small>\r\n</td></tr></tbody></table>"], "highlight_count": ["6"], "pub_date": ["2015-11-20 18:48"]}
{"author": ["steakRF"], "url": ["/14683669.html"], "title": [], "content": ["<table cellspacing=\"0\" cellpadding=\"0\" border=\"0\" class=\"case\"><tbody><tr><td>\r\n  冬窗怎么可能啊，有第二个欧冠机会现在走干嘛..<br><small class=\"f666\"><a style=\"color:#666\" href=\"http://kanqiu.hupu.com/app?_r=bbsvia2\" target=\"_blank\">发自虎扑体育iPhone客户端</a></small>\r\n</td></tr></tbody></table>"], "highlight_count": ["5"], "pub_date": ["2015-11-19 21:10"]}
{"author": ["CristianoPenaldo"], "url": ["/12676689.html"], "title": [], "content": ["<table cellspacing=\"0\" cellpadding=\"0\" border=\"0\" class=\"case\"><tbody><tr><td>\r\n栓狗也许能冠，因为狗不说话，栓董秋娣估计不行\r\n</td></tr></tbody></table>"], "highlight_count": ["54"], "pub_date": ["2015-05-11 17:34"]}
{"author": ["lanlan014"], "url": ["/14711415.html"], "title": [], "content": ["<table cellspacing=\"0\" cellpadding=\"0\" border=\"0\" class=\"case\"><tbody><tr><td>\r\n脸皮的厚度\r\n</td></tr></tbody></table>"], "highlight_count": ["16"], "pub_date": ["2015-11-20 19:29"]}
{"author": ["臭臭不臭1977"], "url": ["/14711415.html"], "title": [], "content": ["<table cellspacing=\"0\" cellpadding=\"0\" border=\"0\" class=\"case\"><tbody><tr><td>\r\n你说的那些都算不上世界级的，\r<br>唯一有可能的是边锋刘翔的速度吧，\r\n</td></tr></tbody></table>"], "highlight_count": ["13"], "pub_date": ["2015-11-20 19:27"]}
{"author": ["罗大头"], "url": ["/14711162.html"], "title": [], "content": ["<table cellspacing=\"0\" cellpadding=\"0\" border=\"0\" class=\"case\"><tbody><tr><td>\r\n  蔡建华既不懂足球，也不懂管理。\r<br>\r<br>当然演示多什么的也是一样。<br><small class=\"f666\">发自手机虎扑 m.hupu.com</small>\r\n</td></tr></tbody></table>"], "highlight_count": ["8"], "pub_date": ["2015-11-20 18:47"]}
{"author": ["sfenks"], "url": ["/14710222.html"], "title": [], "content": ["<table cellspacing=\"0\" cellpadding=\"0\" border=\"0\" class=\"case\"><tbody><tr><td>\r\n因为回购要看球员本人意愿的。\r<br>拉玛西亚出品，卡斯蒂尼亚出品，物美价廉，质量口碑享誉五大联赛。为啥不买。\r\n</td></tr></tbody></table>"], "highlight_count": ["6"], "pub_date": ["2015-11-20 16:26"]}
{"author": ["ragnasaur"], "url": ["/14683669.html"], "title": [], "content": ["<table cellspacing=\"0\" cellpadding=\"0\" border=\"0\" class=\"case\"><tbody><tr><td>\r\n<blockquote><p><b>引用2楼 @<a class=\"u\" target=\"_blank\" href=\"http://my.hupu.com/4330062\">dq009</a> 发表的</b>:\r<br>零，买他做什么</p></blockquote>\r<br>话说咱公司内部比赛缺个能大脚过半场的~\r<br>\r<br>所以，我正在谋划着和小伙伴们凑点饭钱出来请个外援~\r<br>\r<br>不过梅西才是我们的首选，因为老汉看起来饭量比梅西大~\r\n</td></tr></tbody></table>"], "highlight_count": ["6"], "pub_date": ["2015-11-19 21:08"]}
{"author": ["虾米也看球"], "url": ["/14711417.html"], "title": [], "content": ["<table cellspacing=\"0\" cellpadding=\"0\" border=\"0\" class=\"case\"><tbody><tr><td>\r\n  “反正我认为前四是没有问题的”  “做一个保级路上勇敢的摇滚者”<br><br>没错。话反正都是你说的～2333333<br><small class=\"f666\">发自手机虎扑 m.hupu.com</small>\r\n</td></tr></tbody></table>"], "highlight_count": ["9"], "pub_date": ["2015-11-20 19:54"]}
{"author": ["kazuyafcb"], "url": ["/14711749.html"], "title": [], "content": ["<table cellspacing=\"0\" cellpadding=\"0\" border=\"0\" class=\"case\"><tbody><tr><td>\r\n<blockquote><p><b>引用2楼 @<a class=\"u\" target=\"_blank\" href=\"http://my.hupu.com/25933462\">彌砂世迦</a> 发表的</b>:\r<br>所以，楼下大声告诉我</p></blockquote>\r<br>满足你。。。皇马是冠军\r\n</td></tr></tbody></table>"], "highlight_count": ["21"], "pub_date": ["2015-11-20 20:23"]}
{"author": ["沈洛晨"], "url": ["/14370468.html"], "title": [], "content": ["<table cellspacing=\"0\" cellpadding=\"0\" border=\"0\" class=\"case\"><tbody><tr><td>\r\n  建议版主在关键部位编辑马赛克，否则容易引起本基佬论坛不和谐。<br><small class=\"f666\"><a style=\"color:#666\" href=\"http://kanqiu.hupu.com/app?_r=bbsvia8\" target=\"_blank\">发自虎扑体育App</a></small>\r\n</td></tr></tbody></table>"], "highlight_count": ["13"], "pub_date": ["2015-10-15 12:24"]}
