{"title": ["保险来了，互联网医疗终于能做数据的生意"], "author": ["刘涌", "刘涌"], "product_url": "http://36kr.com/p/5039901.html?ref=head_line_top", "image_url": ["http://c.36krcnd.com/nil_class/c861483f-f24a-409d-a2bc-b36a50350774/0130391F4853D9DD2171D715676B6F2D2B965A-F0C3-8371-B6D7-9F7B31B6C679.png!heading"], "pub_date": ["大约 8 小时"], "intro_content": ["<p>互联网医疗已经进入了 “保险时间”。所有人都隐隐期待着，但愿这次真的能够找到那个让人梦寐以求的盈利模式。</p>"]}
{"title": ["创业者亲述：创办跑腿类 O2O 公司，我得到了哪些经验和教训"], "author": ["孙应然", "孙应然"], "product_url": "http://36kr.com/p/5039859.html", "image_url": ["http://e.36krcnd.com/nil_class/218e3852-1951-4316-ae4d-b4b686c409a7/online-offline1.jpg!heading"], "pub_date": ["大约 23 小时"], "intro_content": ["<p><strong>编者按：<a href=\"https://twitter.com/justinkan\" ref=\"nofollow\">Justin Kan</a>之前做了一家找人各种打杂的 O2O 公司，后来卖给了 Handy（已故 Homejoy 的竞争对手）。他近日将其这段经历得到的经验和教训分享给大家。</strong></p>"]}
{"title": ["你还在用 YY 语音吗？来试试这款游戏领域的 Slack 吧 | NEXT Big"], "author": ["Kyle君", "Kyle君"], "product_url": "http://36kr.com/p/5039890.html", "image_url": ["http://e.36krcnd.com/nil_class/f45baa84-ced7-4921-be98-f7b988bff392/banner.png!heading"], "pub_date": ["大约 19 小时"], "intro_content": ["<p><em>NEXT Big 是 <a href=\"http://next.36kr.com/posts\" ref=\"nofollow\">36 氪 NEXT</a> 的日常专栏，每天为你解读一款榜单上的新产品，分析行业趋势，带来有价值的报道，发现更多新产品<a href=\"http://next.36kr.com/posts\" ref=\"nofollow\">请直接访问 36 氪 NEXT 网站</a>。</em></p>"]}
{"title": ["红火一时，自拍迷你无人机 Zano 宣布倒闭"], "author": ["Yuri", "Yuri"], "product_url": "http://36kr.com/p/5039895.html", "image_url": ["http://e.36krcnd.com/nil_class/9a91e7fa-6c0d-453b-b960-48b893fa9f75/_____20151119225502.png!heading"], "pub_date": ["大约 17 小时"], "intro_content": ["<p>红火一时，创造了 Kickstarter 上欧洲项目筹款记录 340 万美元的<a href=\"http://36kr.com/p/217369.html\">Zano</a>无人机，其团队今日向支持者宣布倒闭。</p>"]}
{"title": ["互联网金融 2.0，这是最好的时代"], "author": ["guest", "guest"], "product_url": "http://36kr.com/p/5039891.html", "image_url": ["http://c.36krcnd.com/nil_class/262a37de-3edc-465e-8dcb-24f76b92e5dc/50e058a387c26f70cb46b03bd151464f.jpg!heading"], "pub_date": ["大约 19 小时"], "intro_content": ["<p><em><strong>编者按：</strong>本文是经纬合伙人万浩基的分享，经授权转载自经纬创投（matrixpartnerschina）。互联网金融进入 2.0 时代，中国金融市场依然年轻且独特，依然有大量的潜力和宝贵的机会。这个让作者觉得兴奋的领域，在接下来的几年之内，又会在哪些垂直细分领域诞生独角兽？</em></p>"]}
{"title": ["微鲸电视又推新品，承接华人文化基金布局，内容生态是其优势"], "author": ["周昶帆", "周昶帆"], "product_url": "http://36kr.com/p/5039889.html", "image_url": ["http://d.36krcnd.com/nil_class/1a1d4d01-47d1-4b23-9ab7-5e3895c17897/DC6A4494.JPG!heading"], "pub_date": ["大约 21 小时"], "intro_content": ["<p> </p>"]}
{"title": ["【大公司晚报】新浪携程等公司发布财报；雅虎股东要求保留阿里巴巴集团股份"], "author": ["Bernice", "Bernice"], "product_url": "http://36kr.com/p/5039892.html", "image_url": ["http://d.36krcnd.com/nil_class/e2387a8b-27fb-48eb-86a1-6b532b104e1a/Article_0f6aa94469cd24330b130f5.jpg!heading"], "pub_date": ["大约 19 小时"], "intro_content": ["<p></p>"]}
{"title": ["Kickstarter 上众筹金额第二高的 coolest cooler，最近惹怒了支持者"], "author": ["Yuri", "Yuri"], "product_url": "http://36kr.com/p/5039865.html", "image_url": ["http://d.36krcnd.com/nil_class/64d952ba-44b8-4db9-a217-6cf4b500ef20/_____20151119112256.png!heading"], "pub_date": ["大约 16 小时"], "intro_content": ["<p>Coolest 公司在 Kickstarter 发起的众筹项目便携冰箱 coolest cooler，当时筹得 1300 多万美元，超过 60000 个支持者，是仅次于 Pebble 的 Kickstarter 金额第二高项目，然而，最近他们的动作惹怒了支持者们。</p>"]}
{"title": ["京东到家布局医药 O2O，3 个月合作门店数超过 1000 家"], "author": ["su小吱", "su小吱"], "product_url": "http://36kr.com/p/5039898.html", "image_url": ["http://a.36krcnd.com/nil_class/db90d492-6ddc-489a-ac51-1bc3bba73e29/6A34.tmp.jpg!heading"], "pub_date": ["大约 8 小时"], "intro_content": ["<p><a href=\"http://36kr.com/p/5036081.html\">京东到家</a>是京东集团基于传统 B2C 业务模式向更高频次商品服务领域延伸发展出的全新商业模式，是京东 2015年 重点打造的 O2O 生活服务平台，向消费者提供 3 公里范围内生鲜及超市产品的配送，并基于 LBS 定位实现 2 小时内快速送达，打造生活服务一体化应用平台。目前，京东到家提供了 8 类到家服务：超市到家、生鲜到家、外卖美食到家、鲜花蛋糕到家、家政到家、洗衣到家、按摩美业到家以及医药健康到家。</p>"]}
{"title": ["1.46 亿人民币 D 轮融资的背后：思路迪精准医疗集团是用从后端到前端的打法"], "author": ["su小吱", "su小吱"], "product_url": "http://36kr.com/p/5039897.html", "image_url": ["http://e.36krcnd.com/nil_class/9688dca0-4c4d-4bbe-ba68-b7f4659841dd/306B.tmp.jpg!heading"], "pub_date": ["大约 8 小时"], "intro_content": ["<p>11月16日，思路迪精准医疗集团（以下简称思路迪）对外宣布完成<a href=\"http://pe.pedaily.cn/201511/20151116390380.shtml\" ref=\"nofollow\"><u>1.46 亿人民币 D 轮融资 </u></a>。然而，这家已有 5年 多历史的公司此前的消息几乎无迹可寻。近日，思路迪首席战略官李逸石先生接受了 36 氪专访，介绍了其三大业务：基于大数据和精准医疗的肿瘤精准预防、肿瘤精准治疗以及精准新药开发。</p>"]}
{"title": ["Square 流血上市，首日股价表现不错，上涨 45%"], "author": ["老扎", "老扎"], "product_url": "http://36kr.com/p/5039903.html", "image_url": ["http://c.36krcnd.com/nil_class/2f5ee620-7966-4f62-867a-9bdff242e1f6/151014163745-square-ipo-custom-gs-780x439.jpg!heading"], "pub_date": ["大约 6 小时"], "intro_content": ["<p>移动支付公司 Square 美国时间 11月19日 登陆纽交所，开盘价 11.20 美元，收盘价 13.07 美元，较 IPO 价格 9 美元上涨 45%。这一发行价远低于此前 Square 给出的 11-13 美元的区间，算是流血上市。看来 Square 宁可放弃大把的现金，也要造成一个强势 IPO 的局面。</p>"]}
{"title": ["食材 B2B 平台 2.0 时代已来，早期玩家 “天平派” 的打法是？"], "author": ["苑伶", "苑伶"], "product_url": "http://36kr.com/p/5039893.html", "image_url": ["http://a.36krcnd.com/nil_class/e60e73ba-49c5-41c5-9909-85af543de829/yestone_HD_1105798234.jpg!heading"], "pub_date": ["大约 7 小时"], "intro_content": ["<p></p>"]}
{"title": ["8 点 1 氪：微信全面开放境外支付；Square 正式挂牌； Alphabet 欲再出云服务子公司"], "author": ["Mihawk", "Mihawk"], "product_url": "http://36kr.com/p/5039900.html", "image_url": ["http://a.36krcnd.com/nil_class/981c3b01-67f5-4cb8-9eb1-b84b41483ead/5267a8e27cae0t1280l75.jpg!heading"], "pub_date": ["大约 8 小时"], "intro_content": ["<p><strong>大公司</strong></p>"]}
{"title": ["保险来了，互联网医疗终于能做数据的生意"], "author": ["刘涌", "刘涌"], "product_url": "http://36kr.com/p/5039901.html", "image_url": ["http://c.36krcnd.com/nil_class/c861483f-f24a-409d-a2bc-b36a50350774/0130391F4853D9DD2171D715676B6F2D2B965A-F0C3-8371-B6D7-9F7B31B6C679.png!heading"], "pub_date": ["大约 8 小时"], "intro_content": ["<p>互联网医疗已经进入了 “保险时间”。所有人都隐隐期待着，但愿这次真的能够找到那个让人梦寐以求的盈利模式。</p>"]}
{"title": ["百度开展 “蝶变行动” 扶持新站，SEO 沙龙干货在此"], "author": ["走刀口", "走刀口"], "product_url": "http://36kr.com/p/5039835.html", "image_url": ["http://b.36krcnd.com/nil_class/7acb3881-fcda-4b5f-94d3-8fb4f2263bc7/_____2015-11-18_16.19.14.png!heading"], "pub_date": ["大约 5 小时"], "intro_content": ["<p>百度大搜索业务部门对新站的不断重视，既是来势汹涌的创业潮的推动所致，也是爬虫技术对内容优秀的新站挖掘困难的结果。为此，百度站长平台正在做出更多的努力，面向新站的扶持计划 “蝶变行动” 正说明了这一点。</p>"]}
{"title": ["Google 人力副总裁:Google 的成功团队具有五个关键要素"], "author": ["王勤晓", "王勤晓"], "product_url": "http://36kr.com/p/5039887.html", "image_url": ["http://d.36krcnd.com/nil_class/b4121818-b42f-4701-99a5-64dc86b9f7c7/google_team.png!heading"], "pub_date": ["大约 5 小时"], "intro_content": ["<p></p>"]}
{"title": ["农业互联网的投资逻辑： “进城” 还是 “下乡”？"], "author": ["guest", "guest"], "product_url": "http://36kr.com/p/5039894.html", "image_url": ["http://e.36krcnd.com/nil_class/47678a2f-aaa8-4f57-9251-5c932ece537d/001e4f9d7bf91491f1f325_meitu_1.jpg!heading"], "pub_date": ["大约 6 小时"], "intro_content": ["<p></p>"]}
{"title": ["魔镜做了个 “表”，从颜值里找图片消费的花样"], "author": ["董三桃", "董三桃"], "product_url": "http://36kr.com/p/5039885.html", "image_url": ["http://c.36krcnd.com/nil_class/23b8db22-3bfd-4b6b-b62f-b34399a73513/777.jpg!heading"], "pub_date": ["大约 5 小时"], "intro_content": ["<p></p>"]}
{"title": ["离开屏幕，可穿戴设备还应该有一万种交互方式"], "author": ["走刀口", "走刀口"], "product_url": "http://36kr.com/p/5039907.html", "image_url": ["http://b.36krcnd.com/nil_class/02c574ec-1b49-4466-997e-113a0de4c54a/_____2015-11-20_11.41.09.png!heading"], "pub_date": ["大约 4 小时"], "intro_content": ["<p>回到 wearables 的概念本身，智能设备可穿戴化的意义到底在哪？既然有屏穿戴设备生来就带着阅读和触摸困难的原罪，那是不是无屏才是真正将生活和智能设备无缝化对接的终极解决方案？<a href=\"http://recode.net/2015/11/19/screenless-wearables-and-new-means-of-interaction/\" ref=\"nofollow\">Re/code</a>的一篇文章对此进行了反思。</p>"]}
{"title": ["比真实的宠物更划算，Hasbro 推出机器宠物生产线"], "author": ["董雨晴", "董雨晴"], "product_url": "http://36kr.com/p/5039908.html", "image_url": ["http://e.36krcnd.com/nil_class/fcebea1d-e5c0-4f12-96d3-f30800c2d6f5/20151119-robot-cat-grandma.jpg!heading"], "pub_date": ["大约 4 小时"], "intro_content": ["<p>近年来玩具巨头纷纷转向机器宠物的投入，美国玩具公司<a href=\"http://recode.net/2015/11/19/nightmare-robot-cat-has-come-for-your-grandma/\" ref=\"nofollow\">Hasbro</a>近日也推出了全新的 Jor For All 生产线，专为老年人打造仿真的宠物伴侣，率先推出机器猫。不仅为老人省去饲养宠物的食物、医疗、美容等支出，并且承诺老人免除机器猫的维修费。</p>"]}
{"title": ["案例分析：用 500 Startups 提出的 “海盗指标” 分析用户获取"], "author": ["Chynna", "Chynna"], "product_url": "http://36kr.com/p/5039882.html", "image_url": ["http://b.36krcnd.com/nil_class/e8bcbc15-eaa7-4dbe-bdeb-96059a8d3471/learn-everything-e28f7072986a7495c323ec36ecfffe23.jpg!heading"], "pub_date": ["大约 5 小时"], "intro_content": ["<p></p>"]}
{"title": ["用最简单的语言给你解释 “什么是股权稀释”"], "author": ["guest", "guest"], "product_url": "http://36kr.com/p/5039912.html", "image_url": ["http://c.36krcnd.com/nil_class/67dc5e3e-6b6d-4ba5-ac97-4ac1799323ca/yestone_HD_1133812258.jpg!heading"], "pub_date": ["大约 3 小时"], "intro_content": ["<p><em>编者按：本文来自简法帮投稿，简法帮，是一家为创业者和初创型企业提供交互性法律文件在线自制服务的互联网企业，致力于为创业者提供零成本、高质量的线上法律服务。创业公司融资过程中的股权稀释是一个非常重要的问题，这篇文章用直白的语言和形象的图标给你答案。</em></p>"]}
{"title": ["Update：豆瓣 3.0 正式发布，要社交，换新 logo"], "author": ["董三桃", "董三桃"], "product_url": "http://36kr.com/p/5039744.html", "image_url": ["http://e.36krcnd.com/nil_class/45306542-b9fa-4fe4-ac54-773efd5cb7b8/888.png!heading"], "pub_date": ["大约 3 小时"], "intro_content": ["<p></p>"]}
{"title": ["爱投顾联手券商，让投资顾问服务回归专业的本源"], "author": ["老扎", "老扎"], "product_url": "http://36kr.com/p/5039904.html", "image_url": ["http://d.36krcnd.com/nil_class/27c2c112-2d4b-4dce-a74d-9d6f902c2b54/1406617339449990.jpg!heading"], "pub_date": ["大约 2 小时"], "intro_content": ["<p><a href=\"http://itougu.jrj.com.cn/\" ref=\"nofollow\">爱投顾</a>是财经媒体金融界旗下的移动互联网投资顾问平台。目前平台上聚集了约 2440 名投顾，主要为用户提供投资观点、股市直播、投资问答等服务，同时也集成了行情、交易和理财等功能。</p>"]}
{"title": ["国医堂，在中医里默默的做智能问诊"], "author": ["刘涌", "刘涌"], "product_url": "http://36kr.com/p/5039839.html", "image_url": ["http://b.36krcnd.com/nil_class/29b04f9b-52c2-4284-840f-fdfdafad6a54/20150706051959675.png!heading"], "pub_date": ["大约 1 小时"], "intro_content": ["<p>上线两年内，国医堂称，在没有动用商业推广手段的情况下，其下载量居然超过 600 万，日活跃用户 2-3 万。量虽不大，但至少已经有稳定的用户群对国医堂产生认可。</p>"]}
{"title": ["停车场应用应当从控制数据入手，实时车位信息供应商 “喜泊客” 做了车位预定服务 “约停车”"], "author": ["Nicholas", "Nicholas"], "product_url": "http://36kr.com/p/5039910.html", "image_url": ["http://d.36krcnd.com/nil_class/c554bdcc-385a-4e0d-9778-cb3b21d53c60/_____2015-11-20___12.00.57.png!heading"], "pub_date": ["大约 4 小时"], "intro_content": ["<p>北上广深作为中国的四个超级城市，车辆保有量逐年上升，停车泊位量已经无法满足现有停车需求，四城的平均停车泊位缺口率为 76.3%，每城至少有超过 200 万的车辆无正规车位可停。例如，2014年 底，北京机动车保有量是 559 万辆，而停车位只有 282 万个，存在 250 万个停车位缺口；同年，上海机动车保有量是 304 万辆，停车位资源是 81 万个，缺口 200 万。</p>"]}
{"title": ["小米信用开始内测，想做的不仅仅是提升信贷服务"], "author": ["Mihawk", "Mihawk"], "product_url": "http://36kr.com/p/5039916.html", "image_url": ["http://a.36krcnd.com/nil_class/5bfbb8a7-bcd0-482d-b4a7-12340162c987/W020150513538699089512.jpg!heading"], "pub_date": ["大约 1 小时"], "intro_content": ["<p>在推出小米金融的时候，小米主要希望为用户提供理财和信贷服务。现在小米金融已经推出了两款理财产品：活期宝和基金宝。小米信贷在公测后也于 11.9日 上线，暂时只支持小米手机用户。</p>"]}
{"title": ["双十一卖了 20 万台行车记录仪的 360，未来还想给二代产品加上 ADAS 功能"], "author": ["Nicholas", "Nicholas"], "product_url": "http://36kr.com/p/5039919.html", "image_url": ["http://c.36krcnd.com/nil_class/02900ace-2e3e-4712-a1c5-e579b97b7cd8/95DB22C98D18D2539D7262CFAFDC863B.jpg!heading"], "pub_date": ["大约 1 小时"], "intro_content": ["<p>今天，360 行车记录仪公布了其在双十一的销量成绩，360 行车记录仪负责人王铁军表示，360 行车记录仪在双十一当天开售一小时卖出 7 万台，当天共计出货 20 万台。王铁军告诉 36 氪，目前行车高清记录仪行业出货量约在每月80 万台左右，360 行车记录仪自 5月 份发布，8月 份上市，用时 3 个月已占到行业四分之一的份额。</p>"]}
{"title": ["VR 需求的金字塔：基础不牢固如何能做出出色的内容"], "author": ["guest", "guest"], "product_url": "http://36kr.com/p/5039917.html", "image_url": ["http://c.36krcnd.com/nil_class/7cffa3d0-b52e-47b7-8aeb-d81ef9acbe61/Screen_Shot_2015-11-20_at_14.29.28.png!heading"], "pub_date": ["大约 1 小时"], "intro_content": ["<p><em><strong>编者按：</strong>本文来自投稿，中文译文为<a href=\"http://www.moduovr.com/\" ref=\"nofollow\">魔多 VR</a>原创，微信公众号：moduo 魔多。VR 到底是否能够获得长足发展一直是备受瞩目的问题。对于这个问题，作者认为我们不妨从马斯洛需求理论中获得灵感，从人类不同层面需求的角度，拆解来看看这个问题。</em></p>"]}
{"title": ["如何看懂拆 VIE 这项技术活？"], "author": ["guest", "guest"], "product_url": "http://36kr.com/p/5039920.html", "image_url": ["http://d.36krcnd.com/nil_class/3dcc2fc7-888e-40b5-96db-121ea3780fc5/32cc74e554b54d6size61_w477_h279.jpg!heading"], "pub_date": ["30 分钟前"], "intro_content": ["<p><em><strong>编者按：</strong>本文来自独角兽财经（微信公众号：unicornfinance）的投稿。这篇文章主要介绍了拆 VIE 的相关知识，从中你可以了解 VIE 架构的定义、拆 VIE 架构的原因，还可以从暴风科技、分众传媒的案例中学习拆 VIE 的基本流程，以及拆 VIE 报道中的三种常见误读。</em></p>"]}
{"title": ["【氪记|大健康领域周报】百度联合复旦大学发布全国医院排行榜；温州康宁医院赴港上市；谷歌携手美国心脏病协会开展医疗研究"], "author": ["Bernice", "Bernice"], "product_url": "http://36kr.com/p/5039807.html", "image_url": ["http://e.36krcnd.com/nil_class/45c02aad-4cc6-4c61-a20b-702e4b8c9857/u_2414442315_1392109674_fm_21_gp_0.jpg!heading"], "pub_date": ["17 分钟前"], "intro_content": ["<p></p>"]}
{"title": ["食材 B2B 平台 2.0 时代已来，早期玩家 “天平派” 的打法是？"], "author": ["苑伶", "苑伶"], "product_url": "http://36kr.com/p/5039893.html?ref=head_line_one", "image_url": ["http://a.36krcnd.com/nil_class/e60e73ba-49c5-41c5-9909-85af543de829/yestone_HD_1105798234.jpg!heading"], "pub_date": ["大约 7 小时"], "intro_content": ["<p></p>"]}
{"title": ["京东到家布局医药 O2O，3 个月合作门店数超过 1000 家"], "author": ["su小吱", "su小吱"], "product_url": "http://36kr.com/p/5039898.html?ref=head_line_two", "image_url": ["http://a.36krcnd.com/nil_class/db90d492-6ddc-489a-ac51-1bc3bba73e29/6A34.tmp.jpg!heading"], "pub_date": ["大约 8 小时"], "intro_content": ["<p><a href=\"http://36kr.com/p/5036081.html\">京东到家</a>是京东集团基于传统 B2C 业务模式向更高频次商品服务领域延伸发展出的全新商业模式，是京东 2015年 重点打造的 O2O 生活服务平台，向消费者提供 3 公里范围内生鲜及超市产品的配送，并基于 LBS 定位实现 2 小时内快速送达，打造生活服务一体化应用平台。目前，京东到家提供了 8 类到家服务：超市到家、生鲜到家、外卖美食到家、鲜花蛋糕到家、家政到家、洗衣到家、按摩美业到家以及医药健康到家。</p>"]}
{"title": ["魔镜做了个 “表”，从颜值里找图片消费的花样"], "author": ["董三桃", "董三桃"], "product_url": "http://36kr.com/p/5039885.html?ref=head_line_four", "image_url": ["http://c.36krcnd.com/nil_class/23b8db22-3bfd-4b6b-b62f-b34399a73513/777.jpg!heading"], "pub_date": ["大约 5 小时"], "intro_content": ["<p></p>"]}
